,game_id,sc_count
0,368,0
1,581,0
2,587,30
3,1152,0
4,1749,0
5,2064,0
6,2182,10
7,2192,0
8,2483,0
9,2499,0
10,2536,0
11,2547,6
12,2606,0
13,2662,0
14,2760,0
15,2800,0
16,3227,0
17,3242,0
18,3253,0
19,3267,0
20,3488,0
21,3501,0
22,3520,0
23,3542,30
24,3543,20
25,3544,0
26,3545,0
27,3551,0
28,3570,17
29,3575,0
30,3615,7
31,3619,24
32,3624,0
33,3630,30
34,3632,0
35,3638,16
36,3680,10
37,3720,33
38,3769,0
39,3780,29
40,3781,0
41,3782,30
42,3795,0
43,3822,14
44,3825,30
45,3827,19
46,3829,17
47,3830,0
48,3835,0
49,3910,30
50,3919,20
51,3926,10
52,3927,0
53,3928,0
54,3934,3
55,3982,0
56,3988,9
57,4033,9
58,4091,0
59,4100,0
60,4183,0
61,4188,0
62,4194,16
63,4241,36
64,4306,0
65,4325,3
66,4353,0
67,4388,0
68,4456,4
69,4472,12
70,4514,0
71,4529,0
72,4530,20
73,4566,0
74,4593,3
75,4689,0
76,4692,30
77,4705,15
78,4706,0
79,4715,0
80,4739,4
81,4769,0
82,5003,0
83,5046,0
84,5051,0
85,5063,0
86,5069,35
87,5076,0
88,5080,14
89,5081,30
90,5082,21
91,5086,13
92,5089,0
93,5116,10
94,5149,0
95,5158,35
96,5159,0
97,5163,0
98,5164,0
99,5165,0
100,5181,0
101,5189,8
102,5190,0
103,5194,0
104,5211,50
105,5278,19
106,5279,30
107,5281,0
108,5314,0
109,5317,0
110,5327,0
111,5329,0
112,5342,0
113,5349,25
114,5350,4
115,5351,18
116,5352,0
117,5372,4
118,5393,0
119,5404,8
120,5406,0
121,5411,0
122,5456,0
123,5467,0
124,5504,0
125,5506,0
126,5512,0
127,5526,6
128,5531,15
129,5541,0
130,5545,0
131,5557,8
132,5563,0
133,5569,0
134,5579,4
135,5589,6
136,5594,0
137,5613,27
138,5639,0
139,5644,1
140,5673,50
141,5690,0
142,5724,26
143,5735,0
144,5746,0
145,5764,0
146,5775,13
147,5798,13
148,5805,9
149,5806,0
150,5820,0
151,5870,36
152,5898,9
153,5926,0
154,5948,16
155,5953,0
156,5956,37
157,5961,26
158,5971,12
159,5980,0
160,5987,0
161,5991,0
162,6016,0
163,6036,12
164,6037,0
165,6039,0
166,6043,19
167,6044,26
168,6049,0
169,6083,0
170,6087,0
171,6111,21
172,6143,0
173,6184,0
174,6192,30
175,6198,0
176,6217,39
177,6225,31
178,6228,11
179,6229,29
180,6230,38
181,6250,16
182,6264,0
183,6325,1
184,6329,0
185,6369,12
186,6398,0
187,6417,0
188,6419,0
189,6420,0
190,6429,0
191,6441,0
192,6453,0
193,6455,14
194,6458,33
195,6498,0
196,6663,0
197,6706,16
198,6763,12
199,6778,0
200,6782,30
201,6792,38
202,6806,0
203,6824,11
204,6826,30
205,6828,0
206,6836,0
207,6914,0
208,6995,16
209,6996,15
210,6997,0
211,7008,0
212,7034,0
213,7039,0
214,7043,0
215,7053,13
216,7058,20
217,7072,0
218,7167,0
219,7168,18
220,7179,26
221,7180,0
222,7188,0
223,7190,0
224,7207,3
225,7243,0
226,7267,0
227,7336,0
228,7341,40
229,7346,0
230,7351,19
231,7353,0
232,7366,32
233,7369,0
234,7380,0
235,7385,30
236,7399,0
237,7412,0
238,7419,0
239,7421,0
240,7431,5
241,7442,10
242,7458,0
243,7459,0
244,7479,7
245,7490,3
246,7496,0
247,7497,0
248,7498,18
249,7542,0
250,7566,0
251,7574,30
252,7576,27
253,7580,0
254,7607,2
255,7626,37
256,7627,0
257,7647,30
258,7648,11
259,7665,0
260,7667,16
261,7691,8
262,7714,0
263,7715,0
264,7716,33
265,7739,10
266,7741,0
267,7747,0
268,7770,0
269,7776,0
270,7780,24
271,7787,29
272,7790,0
273,7798,0
274,7804,1
275,7808,41
276,7811,0
277,7815,0
278,7819,0
279,7828,0
280,7831,30
281,7849,10
282,7902,0
283,7903,0
284,7904,0
285,7905,17
286,7917,15
287,8005,25
288,8006,21
289,8046,0
290,8153,0
291,8223,0
292,8241,30
293,8266,4
294,8274,0
295,8292,0
296,8339,0
297,8352,13
298,8363,21
299,8371,12
300,8472,22
301,8485,30
302,8521,0
303,8546,0
304,8574,0
305,8578,0
306,8587,0
307,8602,2
308,8628,0
309,8641,0
310,8654,0
311,8657,0
312,8681,0
313,8683,15
314,8684,0
315,8700,4
316,8701,26
317,8705,0
318,8706,39
319,8726,0
320,8742,0
321,8748,0
322,8767,0
323,8815,0
324,8892,1
325,8895,10
326,8896,18
327,8901,0
328,8931,0
329,8964,0
330,8988,0
331,8992,11
332,8993,0
333,9005,0
334,9023,0
335,9045,45
336,9050,22
337,9051,30
338,9141,15
339,9147,0
340,9182,0
341,9208,14
342,9211,0
343,9221,11
344,9224,34
345,9225,18
346,9230,1
347,9231,27
348,9232,0
349,9251,0
350,9254,0
351,9282,2
352,9289,0
353,9307,0
354,9324,40
355,9325,0
356,9326,0
357,9333,0
358,9346,0
359,9356,17
360,9367,0
361,9402,0
362,9403,2
363,9413,1
364,9418,0
365,9419,13
366,9481,0
367,9482,18
368,9486,0
369,9495,0
370,9511,30
371,9514,0
372,9549,0
373,9568,0
374,9578,0
375,9580,10
376,9614,30
377,9615,0
378,9635,0
379,9646,1
380,9647,0
381,9652,0
382,9657,0
383,9658,0
384,9659,0
385,9661,0
386,9662,0
387,9667,0
388,9669,0
389,9670,0
390,9671,25
391,9672,0
392,9699,0
393,9726,0
394,9729,0
395,9730,11
396,9731,0
397,9732,17
398,9787,25
399,9790,0
400,9824,31
401,9826,0
402,9859,17
403,9908,0
404,9936,0
405,9950,0
406,9971,0
407,9996,0
408,10012,7
409,10020,0
410,10021,15
411,10027,9
412,10030,9
413,10047,0
414,10076,0
415,10107,0
416,10124,0
417,10157,0
418,10160,21
419,10162,18
420,10163,25
421,10183,17
422,10184,8
423,10197,0
424,10200,17
425,10208,0
426,10209,30
427,10297,0
428,10298,0
429,10299,0
430,10301,0
431,10319,12
432,10324,0
433,10337,9
434,10359,0
435,10360,0
436,10383,0
437,10393,0
438,10395,0
439,10421,0
440,10423,14
441,10424,12
442,10425,0
443,10434,0
444,10453,9
445,10456,0
446,10457,0
447,10478,23
448,10499,0
449,10500,20
450,10519,11
451,10560,0
452,10584,0
453,10595,0
454,10626,0
455,10628,0
456,10665,0
457,10666,0
458,10671,0
459,10673,0
460,10684,9
461,10685,0
462,10700,0
463,10701,0
464,10708,30
465,10716,0
466,10742,0
467,10749,0
468,10751,0
469,10752,2
470,10753,0
471,10822,0
472,10839,0
473,10862,0
474,10863,0
475,10874,0
476,10877,0
477,10879,22
478,10880,0
479,10893,6
480,10894,0
481,10895,15
482,10908,0
483,10938,0
484,10958,0
485,10972,0
486,10978,0
487,11004,0
488,11019,9
489,11021,0
490,11106,0
491,11107,0
492,11132,0
493,11143,0
494,11164,22
495,11175,14
496,11185,5
497,11197,0
498,11205,12
499,11228,10
500,11234,0
501,11235,0
502,11247,0
503,11251,2
504,11289,0
505,11290,30
506,11291,6
507,11355,6
508,11358,0
509,11377,25
510,11382,0
511,11393,0
512,11461,20
513,11471,30
514,11487,0
515,11488,0
516,11512,0
517,11515,5
518,11564,4
519,11567,0
520,11590,0
521,11603,0
522,11647,42
523,11654,17
524,11685,4
525,11704,22
526,11731,30
527,11737,0
528,11739,0
529,11768,0
530,11785,0
531,11786,0
532,11803,0
533,11808,0
534,11813,6
535,11820,1
536,11835,2
537,11842,0
538,11856,0
539,11879,0
540,11885,0
541,11914,0
542,11966,0
543,11967,21
544,11972,1
545,11984,0
546,11999,17
547,12011,0
548,12012,0
549,12021,0
550,12025,0
551,12040,0
552,12106,0
553,12107,0
554,12140,4
555,12148,10
556,12193,0
557,12211,0
558,12245,0
559,12248,6
560,12259,10
561,12264,0
562,12342,0
563,12345,0
564,12392,0
565,12395,20
566,12409,29
567,12412,0
568,12415,0
569,12429,22
570,12430,13
571,12451,0
572,12464,33
573,12466,0
574,12467,0
575,12502,0
576,12511,0
577,12515,9
578,12520,0
579,12541,13
580,12549,28
581,12554,0
582,12570,0
583,12571,0
584,12572,0
585,12605,0
586,12607,23
587,12608,6
588,12609,0
589,12616,23
590,12630,0
591,12633,0
592,12668,42
593,12671,30
594,12681,0
595,12713,9
596,12754,0
597,12758,30
598,12766,0
599,12875,16
600,12892,0
601,12912,0
602,12916,43
603,12930,0
604,12998,0
605,13013,30
606,13084,0
607,13100,0
608,13139,0
609,13250,24
610,13260,0
611,13299,15
612,13303,26
613,13307,0
614,13312,0
615,13322,24
616,13350,0
617,13389,0
618,13442,0
619,13450,13
620,13459,20
621,13489,4
622,13501,0
623,13504,0
624,13512,1
625,13562,0
626,13589,5
627,13608,24
628,13630,22
629,13652,0
630,13660,4
631,13697,0
632,13723,0
633,13733,0
634,13776,30
635,13805,2
636,13848,0
637,13860,0
638,13912,30
639,13945,0
640,13962,3
641,13982,0
642,14022,4
643,14033,40
644,14035,0
645,14043,3
646,14049,7
647,14052,0
648,14073,0
649,14076,0
650,14139,0
651,14152,0
652,14159,0
653,14164,0
654,14179,0
655,14231,0
656,14260,4
657,14266,3
658,14283,0
659,14292,0
660,14358,5
661,14366,9
662,14371,0
663,14404,0
664,14482,0
665,14486,0
666,14487,0
667,14525,0
668,14526,0
669,14560,0
670,14561,0
671,14573,0
672,14574,0
673,14579,1
674,14594,0
675,14607,27
676,14614,1
677,14636,0
678,14637,0
679,14638,0
680,14639,0
681,14672,0
682,14712,1
683,14719,0
684,14721,0
685,14729,0
686,14730,0
687,14755,0
688,14756,29
689,14808,20
690,14830,18
691,14831,10
692,14880,0
693,14892,6
694,14903,0
695,14916,0
696,14917,0
697,14919,0
698,14924,14
699,14970,26
700,14987,1
701,15017,0
702,15025,0
703,15046,0
704,15047,0
705,15068,0
706,15070,5
707,15076,20
708,15095,17
709,15113,10
710,15118,0
711,15134,0
712,15180,48
713,15197,0
714,15220,36
715,15224,0
716,15226,0
717,15253,25
718,15259,28
719,15284,0
720,15313,0
721,15365,30
722,15389,0
723,15393,33
724,15401,30
725,15403,4
726,15428,0
727,15450,28
728,15495,0
729,15500,0
730,15528,0
731,15529,0
732,15575,0
733,15590,0
734,15595,0
735,15599,0
736,15600,0
737,15623,0
738,15632,0
739,15638,40
740,15641,0
741,15648,35
742,15658,0
743,15698,1
744,15699,22
745,15706,8
746,15707,0
747,15723,0
748,15727,0
749,15735,50
750,15759,20
751,15760,0
752,15795,0
753,15800,0
754,15809,1
755,15825,0
756,15840,0
757,15848,9
758,15849,46
759,15858,0
760,15860,0
761,15876,0
762,15915,32
763,15927,0
764,15940,19
765,15942,0
766,15944,0
767,15974,0
768,15982,0
769,16000,0
770,16003,0
771,16011,0
772,16021,25
773,16023,0
774,16063,30
775,16066,15
776,16080,1
777,16082,3
778,16098,1
779,16099,0
780,16101,0
781,16119,0
782,16120,2
783,16121,2
784,16128,0
785,16145,7
786,16156,24
787,16163,0
788,16188,0
789,16193,0
790,16194,0
791,16196,0
792,16197,0
793,16218,2
794,16253,0
795,16255,20
796,16264,0
797,16273,28
798,16284,38
799,16303,0
800,16313,19
801,16373,50
802,16393,0
803,16405,0
804,16406,0
805,16463,20
806,16502,0
807,16544,33
808,16578,0
809,16579,0
810,16615,0
811,16620,0
812,16622,22
813,16630,0
814,16667,0
815,16715,0
816,16731,13
817,16734,0
818,16838,0
819,16839,2
820,16845,0
821,16850,30
822,16871,0
823,17000,0
824,17014,0
825,17022,0
826,17039,0
827,17084,15
828,17104,9
829,17125,0
830,17131,25
831,17170,11
832,17185,0
833,17223,0
834,17226,16
835,17228,0
836,17231,0
837,17240,0
838,17266,0
839,17339,29
840,17340,0
841,17342,0
842,17344,40
843,17346,0
844,17347,6
845,17428,29
846,17451,0
847,17480,0
848,17483,0
849,17502,0
850,17504,0
851,17559,16
852,17595,0
853,17599,1
854,17611,21
855,17672,17
856,17673,14
857,17689,24
858,17700,0
859,17713,12
860,17751,7
861,17822,44
862,17831,0
863,17840,0
864,17864,0
865,17890,43
866,18016,26
867,18028,0
868,18047,24
869,18062,5
870,18065,15
871,18067,24
872,18069,0
873,18076,0
874,18086,0
875,18088,0
876,18098,4
877,18122,2
878,18142,0
879,18144,0
880,18145,0
881,18155,0
882,18188,0
883,18189,2
884,18192,0
885,18213,0
886,18242,0
887,18244,0
888,18249,0
889,18287,0
890,18351,0
891,18388,0
892,18398,13
893,18401,23
894,18407,0
895,18409,0
896,18410,0
897,18411,0
898,18412,0
899,18425,46
900,18426,0
901,18428,0
902,18429,40
903,18431,0
904,18460,0
905,18461,0
906,18489,8
907,18512,18
908,18513,0
909,18515,3
910,18521,7
911,18541,28
912,18542,0
913,18543,0
914,18556,0
915,18559,2
916,18561,4
917,18593,0
918,18594,15
919,18633,0
920,18634,19
921,18649,0
922,18711,0
923,18718,0
924,18735,22
925,18755,24
926,18760,0
927,18762,15
928,18776,20
929,18780,0
930,18796,1
931,18798,0
932,18803,0
933,18804,0
934,18812,0
935,18833,0
936,18840,0
937,18867,0
938,18879,0
939,18880,13
940,18891,1
941,18905,21
942,18931,32
943,18937,0
944,18950,2
945,18957,0
946,18966,0
947,18973,13
948,18981,0
949,19009,1
950,19017,1
951,19018,6
952,19041,0
953,19052,0
954,19064,0
955,19108,0
956,19141,0
957,19145,0
958,19209,0
959,19212,1
960,19221,2
961,19251,0
962,19257,0
963,19258,0
964,19311,0
965,19314,0
966,19318,29
967,19347,11
968,19356,0
969,19359,1
970,19376,0
971,19388,0
972,19428,0
973,19429,0
974,19447,0
975,19450,2
976,19493,0
977,19548,32
978,19551,0
979,19552,0
980,19562,7
981,19589,0
982,19627,33
983,19647,0
984,19681,0
985,19709,0
986,19711,0
987,19724,27
988,19785,0
989,19796,0
990,19812,14
991,19834,30
992,19849,28
993,19851,0
994,19858,1
995,19863,0
996,19875,45
997,19879,13
998,19892,34
999,19959,0
1000,19965,21
1001,19975,26
1002,20003,0
1003,20020,0
1004,20041,0
1005,20045,0
1006,20065,0
1007,20075,0
1008,20094,0
1009,20096,41
1010,20100,15
1011,20102,0
1012,20107,0
1013,20111,0
1014,20125,30
1015,20140,0
1016,20141,0
1017,20193,0
1018,20204,0
1019,20205,30
1020,20207,0
1021,20216,0
1022,20250,0
1023,20254,0
1024,20261,0
1025,20274,0
1026,20275,0
1027,20287,17
1028,20289,50
1029,20311,25
1030,20314,7
1031,20318,0
1032,20329,0
1033,20384,21
1034,20411,0
1035,20420,0
1036,20426,1
1037,20428,30
1038,20441,0
1039,20442,0
1040,20446,13
1041,20454,0
1042,20457,0
1043,20469,0
1044,20484,30
1045,20486,0
1046,20515,1
1047,20548,0
1048,20559,31
1049,20575,0
1050,20591,0
1051,20603,10
1052,20610,0
1053,20657,0
1054,20676,0
1055,20691,0
1056,20694,0
1057,20695,0
1058,20708,0
1059,20764,0
1060,20798,0
1061,20799,30
1062,20903,0
1063,20907,0
1064,20910,0
1065,20911,0
1066,20974,13
1067,21027,0
1068,21092,0
1069,21093,0
1070,21096,1
1071,21109,0
1072,21115,0
1073,21116,30
1074,21122,12
1075,21132,16
1076,21135,16
1077,21218,16
1078,21233,0
1079,21235,1
1080,21289,0
1081,21310,0
1082,21312,0
1083,21339,0
1084,21340,0
1085,21361,0
1086,21362,13
1087,21364,0
1088,21405,0
1089,21418,0
1090,21419,10
1091,21425,0
1092,21428,0
1093,21453,20
1094,21471,30
1095,21489,0
1096,21500,6
1097,21516,0
1098,21519,18
1099,21520,50
1100,21521,1
1101,21522,30
1102,21523,6
1103,21524,0
1104,21525,2
1105,21528,0
1106,21529,0
1107,21532,0
1108,21534,17
1109,21541,0
1110,21578,0
1111,21586,0
1112,21597,0
1113,21609,14
1114,21611,0
1115,21633,35
1116,21658,30
1117,21660,0
1118,21665,0
1119,21684,0
1120,21687,0
1121,21691,3
1122,21692,43
1123,21693,37
1124,21695,30
1125,21718,0
1126,21728,11
1127,21740,0
1128,21763,0
1129,21774,0
1130,21781,0
1131,21843,3
1132,21875,0
1133,21876,0
1134,21878,0
1135,21887,0
1136,21897,0
1137,21912,0
1138,21931,18
1139,21932,0
1140,21937,0
1141,21945,0
1142,21963,0
1143,21981,0
1144,21999,0
1145,22018,18
1146,22019,0
1147,22070,16
1148,22084,20
1149,22121,0
1150,22122,0
1151,22130,0
1152,22142,0
1153,22221,0
1154,22234,0
1155,22289,0
1156,22292,25
1157,22329,0
1158,22340,0
1159,22355,0
1160,22456,0
1161,22494,0
1162,22496,0
1163,22508,0
1164,22571,2
1165,22576,0
1166,22584,0
1167,22600,0
1168,22611,0
1169,22614,0
1170,22650,24
1171,22692,0
1172,22727,0
1173,22746,0
1174,22807,0
1175,22811,0
1176,22812,0
1177,22827,2
1178,22859,0
1179,22869,0
1180,22916,0
1181,22927,1
1182,22937,0
1183,22948,0
1184,22982,0
1185,22983,0
1186,23044,0
1187,23057,0
1188,23061,0
1189,23064,0
1190,23101,0
1191,23110,39
1192,23161,2
1193,23175,30
1194,23178,38
1195,23182,0
1196,23185,0
1197,23186,0
1198,23193,0
1199,23199,0
1200,23202,0
1201,23214,18
1202,23218,35
1203,23229,2
1204,23233,0
1205,23241,0
1206,23244,0
1207,23245,0
1208,23248,0
1209,23281,3
1210,23318,0
1211,23324,19
1212,23326,0
1213,23400,0
1214,23413,12
1215,23434,0
1216,23465,40
1217,23504,0
1218,23508,0
1219,23516,13
1220,23537,0
1221,23552,0
1222,23574,0
1223,23583,0
1224,23587,0
1225,23600,0
1226,23602,0
1227,23605,17
1228,23619,0
1229,23625,10
1230,23633,0
1231,23647,9
1232,23662,0
1233,23682,0
1234,23692,0
1235,23741,6
1236,23742,0
1237,23746,0
1238,23747,0
1239,23766,30
1240,23771,0
1241,23780,0
1242,23793,11
1243,23798,0
1244,23801,0
1245,23871,0
1246,23872,1
1247,23874,0
1248,23885,31
1249,23906,0
1250,23927,0
1251,23932,0
1252,23935,0
1253,23958,0
1254,24001,4
1255,24005,0
1256,24006,0
1257,24037,30
1258,24041,0
1259,24073,32
1260,24079,0
1261,24082,0
1262,24123,0
1263,24125,0
1264,24129,0
1265,24146,0
1266,24152,0
1267,24157,0
1268,24185,0
1269,24187,0
1270,24200,6
1271,24219,0
1272,24227,0
1273,24246,30
1274,24278,0
1275,24281,0
1276,24282,0
1277,24312,11
1278,24326,0
1279,24327,0
1280,24328,0
1281,24329,1
1282,24332,2
1283,24354,2
1284,24359,0
1285,24371,0
1286,24384,5
1287,24389,0
1288,24400,0
1289,24425,40
1290,24448,0
1291,24451,0
1292,24543,40
1293,24597,27
1294,24604,0
1295,24616,0
1296,24632,0
1297,24646,0
1298,24675,0
1299,24676,0
1300,24722,25
1301,24726,0
1302,24746,1
1303,24804,0
1304,24824,0
1305,24827,14
1306,24850,0
1307,24859,0
1308,24865,27
1309,24876,0
1310,24896,0
1311,24897,0
1312,24923,1
1313,24935,0
1314,24975,1
1315,25004,0
1316,25025,0
1317,25027,30
1318,25082,1
1319,25100,0
1320,25114,0
1321,25133,0
1322,25166,0
1323,25167,0
1324,25209,0
1325,25245,0
1326,25251,0
1327,25256,0
1328,25270,0
1329,25284,0
1330,25318,0
1331,25319,0
1332,25321,0
1333,25362,0
1334,25370,0
1335,25427,1
1336,25437,45
1337,25438,0
1338,25460,0
1339,25465,0
1340,25475,0
1341,25485,1
1342,25508,0
1343,25527,16
1344,25561,0
1345,25576,16
1346,25577,0
1347,25603,0
1348,25613,0
1349,25626,0
1350,25629,0
1351,25634,1
1352,25643,27
1353,25695,30
1354,25733,0
1355,25734,0
1356,25736,0
1357,25763,0
1358,25773,0
1359,25782,1
1360,25870,0
1361,25873,0
1362,25887,3
1363,25889,0
1364,25904,0
1365,26011,26
1366,26087,0
1367,26100,0
1368,26137,0
1369,26143,0
1370,26152,17
1371,26193,0
1372,26246,0
1373,26265,0
1374,26311,0
1375,26356,0
1376,26385,0
1377,26414,0
1378,26432,10
1379,26435,0
1380,26439,0
1381,26449,0
1382,26488,1
1383,26524,0
1384,26534,6
1385,26583,1
1386,26601,1
1387,26658,37
1388,26662,0
1389,26688,0
1390,26767,35
1391,26768,30
1392,26772,13
1393,26777,0
1394,26797,0
1395,26811,0
1396,26892,0
1397,26893,0
1398,26894,0
1399,26898,0
1400,27017,1
1401,27022,0
1402,27026,17
1403,27042,0
1404,27046,0
1405,27089,33
1406,27146,1
1407,27147,0
1408,27243,0
1409,27259,43
1410,27261,0
1411,27357,0
1412,27389,7
1413,27400,0
1414,27422,1
1415,27423,0
1416,27435,2
1417,27596,0
1418,27604,0
1419,27617,4
1420,27630,0
1421,27651,0
1422,27658,1
1423,27692,0
1424,27699,0
1425,27728,30
1426,27797,3
1427,27866,0
1428,27910,0
1429,27912,0
1430,27915,0
1431,27934,0
1432,27945,0
1433,27956,0
1434,27989,0
1435,27995,18
1436,28042,0
1437,28058,2
1438,28067,0
1439,28089,0
1440,28127,6
1441,28136,0
1442,28158,0
1443,28161,0
1444,28181,2
1445,28209,1
1446,28237,5
1447,28254,11
1448,28262,23
1449,28284,0
1450,28297,8
1451,28304,0
1452,28317,0
1453,28337,0
1454,28354,0
1455,28360,0
1456,28380,4
1457,28381,0
1458,28382,0
1459,28383,0
1460,28384,0
1461,28388,2
1462,28397,0
1463,28399,0
1464,28463,0
1465,28470,0
1466,28482,1
1467,28495,0
1468,28497,0
1469,28499,25
1470,28513,0
1471,28561,0
1472,28575,1
1473,28620,0
1474,28671,2
1475,28674,20
1476,28687,0
1477,28703,0
1478,28723,0
1479,28747,1
1480,28774,17
1481,28795,6
1482,28833,0
1483,28834,0
1484,28856,24
1485,28882,0
1486,28888,0
1487,28901,0
1488,28916,2
1489,28954,0
1490,28981,0
1491,28992,0
1492,29005,0
1493,29006,0
1494,29014,0
1495,29067,0
1496,29077,0
1497,29079,0
1498,29104,0
1499,29106,0
1500,29109,0
1501,29121,0
1502,29129,0
1503,29147,1
1504,29213,0
1505,29394,16
1506,29442,0
1507,29492,0
1508,29503,2
1509,29522,0
1510,29703,0
1511,29746,0
1512,29764,0
1513,29784,0
1514,29871,0
1515,29938,0
1516,29960,0
1517,29962,0
1518,29970,0
1519,30032,22
1520,30109,4
1521,30130,0
1522,30194,1
1523,30202,0
1524,30203,0
1525,30206,0
1526,30208,0
1527,30214,0
1528,30215,0
1529,30239,5
1530,30242,0
1531,30243,0
1532,30299,0
1533,30329,0
1534,30343,15
1535,30375,0
1536,30377,0
1537,30430,0
1538,30436,0
1539,30484,0
1540,30646,1
1541,30649,0
1542,30654,0
1543,30753,0
1544,30774,0
1545,30784,0
1546,30809,14
1547,30812,1
1548,30815,2
1549,30830,0
1550,30834,0
1551,30859,0
1552,30901,0
1553,30938,0
1554,30945,18
1555,30951,0
1556,30953,0
1557,30965,13
1558,30971,0
1559,30972,0
1560,31027,0
1561,31062,33
1562,31070,0
1563,31090,0
1564,31151,0
1565,31199,0
1566,31223,0
1567,31224,0
1568,31227,0
1569,31229,1
1570,31237,0
1571,31242,7
1572,31272,0
1573,31283,0
1574,31286,0
1575,31287,0
1576,31288,0
1577,31293,0
1578,31295,0
1579,31297,0
1580,31307,2
1581,31319,6
1582,31430,0
1583,31443,0
1584,31466,0
1585,31493,9
1586,31527,0
1587,31617,0
1588,31620,1
1589,31632,0
1590,31637,0
1591,31659,0
1592,31691,0
1593,31760,0
1594,31819,0
1595,31860,0
1596,31929,2
1597,31934,0
1598,31965,0
1599,31966,0
1600,31974,0
1601,31983,0
1602,32004,0
1603,32021,0
1604,32077,0
1605,32079,1
1606,32080,0
1607,32168,0
1608,32193,4
1609,32216,0
1610,32226,0
1611,32272,1
1612,32307,7
1613,32355,0
1614,32356,0
1615,32484,1
1616,32485,0
1617,32486,0
1618,32547,13
1619,32634,0
1620,32683,0
1621,32690,0
1622,32778,4
1623,32816,0
1624,32852,1
1625,32947,0
1626,33070,0
1627,33076,23
1628,33095,0
1629,33109,0
1630,33117,6
1631,33133,4
1632,33151,0
1633,33181,0
1634,33218,0
1635,33271,0
1636,33277,0
1637,33311,0
1638,33313,0
1639,33337,0
1640,33446,0
1641,33458,6
1642,33469,13
1643,33475,0
1644,33504,11
1645,33505,27
1646,33527,0
1647,33604,0
1648,33606,0
1649,33642,21
1650,33652,0
1651,33711,0
1652,33738,28
1653,33856,0
1654,33875,0
1655,33878,0
1656,33903,7
1657,33931,40
1658,33944,0
1659,34017,0
1660,34023,0
1661,34043,0
1662,34099,0
1663,34114,0
1664,34116,0
1665,34231,0
1666,34266,0
1667,34273,0
1668,34274,0
1669,34275,0
1670,34334,1
1671,34341,0
1672,34355,0
1673,34409,0
1674,34444,1
1675,34522,0
1676,34550,0
1677,34567,0
1678,34598,0
1679,34602,0
1680,34603,0
1681,34620,0
1682,34657,16
1683,34698,0
1684,34714,0
1685,34723,0
1686,34727,0
1687,34732,5
1688,34741,0
1689,34743,0
1690,34754,0
1691,34760,11
1692,34761,0
1693,34806,6
1694,34824,0
1695,34835,0
1696,34836,0
1697,34860,0
1698,34872,0
1699,34873,0
1700,34893,0
1701,34896,0
1702,34916,0
1703,34917,22
1704,34918,0
1705,34942,0
1706,34979,0
1707,34981,0
1708,35015,0
1709,35016,0
1710,35062,17
1711,35075,2
1712,35076,33
1713,35159,0
1714,35213,0
1715,35214,0
1716,35275,0
1717,35352,0
1718,35401,0
1719,35419,0
1720,35420,0
1721,35427,0
1722,35499,0
1723,35504,0
1724,35526,4
1725,35528,0
1726,35601,1
1727,35671,18
1728,35686,5
1729,35704,0
1730,35705,0
1731,35778,0
1732,35805,0
1733,35838,0
1734,35909,0
1735,35953,29
1736,35961,0
1737,35962,0
1738,35968,0
1739,35969,0
1740,35983,3
1741,36006,0
1742,36111,0
1743,36158,1
1744,36171,0
1745,36182,0
1746,36234,0
1747,36268,4
1748,36384,3
1749,36449,0
1750,36476,0
1751,36485,0
1752,36496,0
1753,36513,1
1754,36577,0
1755,36609,0
1756,36615,0
1757,36663,0
1758,36668,2
1759,36669,0
1760,36782,0
1761,36783,37
1762,36785,0
1763,36791,0
1764,36797,22
1765,36816,4
1766,36818,1
1767,36858,0
1768,36928,0
1769,37027,0
1770,37045,0
1771,37046,9
1772,37101,1
1773,37195,0
1774,37197,0
1775,37200,24
1776,37277,0
1777,37281,0
1778,37331,0
1779,37352,0
1780,37354,0
1781,37413,0
1782,37415,0
1783,37456,0
1784,37498,10
1785,37524,0
1786,37550,0
1787,37556,0
1788,37560,0
1789,37561,0
1790,37589,17
1791,37612,0
1792,37628,0
1793,37629,0
1794,37675,0
1795,37689,0
1796,37738,3
1797,37755,0
1798,37795,0
1799,37804,1
1800,37816,0
1801,37823,0
1802,37893,0
1803,37907,0
1804,37938,0
1805,37980,50
1806,37988,0
1807,38031,29
1808,38050,0
1809,38158,0
1810,38175,0
1811,38179,0
1812,38180,0
1813,38183,0
1814,38204,0
1815,38245,10
1816,38259,40
1817,38286,0
1818,38287,0
1819,38295,0
1820,38311,0
1821,38338,0
1822,38406,0
1823,38415,0
1824,38417,0
1825,38427,0
1826,38444,0
1827,38472,0
1828,38486,0
1829,38499,0
1830,38508,0
1831,38521,4
1832,38563,0
1833,38567,0
1834,38602,0
1835,38603,0
1836,38607,0
1837,38608,0
1838,38621,0
1839,38622,0
1840,38623,0
1841,38644,0
1842,38661,0
1843,38667,0
1844,38670,0
1845,38695,0
1846,38701,0
1847,38705,0
1848,38707,0
1849,38712,0
1850,38762,24
1851,38763,0
1852,38767,0
1853,38769,0
1854,38818,0
1855,38819,0
1856,38823,0
1857,38834,0
1858,38845,0
1859,38847,0
1860,38848,0
1861,38852,17
1862,38921,0
1863,38923,0
1864,38924,0
1865,39006,0
1866,39078,0
1867,39214,0
1868,39269,22
1869,39295,0
1870,39314,0
1871,39315,0
1872,39329,0
1873,39336,0
1874,39345,0
1875,39346,0
1876,39348,0
1877,39353,2
1878,39356,0
1879,39371,0
1880,39379,0
1881,39411,0
1882,39501,4
1883,39503,0
1884,39530,0
1885,39560,0
1886,39561,0
1887,39582,0
1888,39589,0
1889,39646,0
1890,39679,0
1891,39680,0
1892,39700,0
1893,39721,0
1894,39831,0
1895,39907,3
1896,39911,0
1897,39918,0
1898,39987,0
1899,39995,9
1900,39996,0
1901,39997,0
1902,40017,0
1903,40132,0
1904,40133,0
1905,40149,15
1906,40208,1
1907,40299,0
1908,40348,0
1909,40368,0
1910,40624,0
1911,40647,0
1912,40659,0
1913,40806,0
1914,40807,14
1915,40808,0
1916,40809,0
1917,40818,0
1918,40822,0
1919,40848,0
1920,40961,0
1921,41000,0
1922,41057,40
1923,41058,0
1924,41152,2
1925,41219,0
1926,41295,0
1927,41296,0
1928,41378,0
1929,41382,0
1930,41389,0
1931,41395,0
1932,41502,0
1933,41549,0
1934,41613,0
1935,41685,0
1936,41686,0
1937,41687,0
1938,41708,50
1939,41712,9
1940,41740,28
1941,41751,0
1942,41946,0
1943,41959,4
1944,42034,14
1945,42070,0
1946,42106,2
1947,42240,0
1948,42317,0
1949,42346,3
1950,42390,2
1951,42432,0
1952,42448,0
1953,42456,0
1954,42494,0
1955,42495,0
1956,42552,1
1957,42588,0
1958,42598,4
1959,42616,0
1960,42694,0
1961,42697,0
1962,42720,0
1963,42749,0
1964,42751,0
1965,42753,0
1966,42771,0
1967,42851,10
1968,42863,0
1969,42887,7
1970,42896,19
1971,42971,0
1972,42972,0
1973,42987,2
1974,43021,0
1975,43025,0
1976,43051,0
1977,43058,0
1978,43059,0
1979,43081,0
1980,43103,0
1981,43178,0
1982,43192,25
1983,43266,0
1984,43320,0
1985,43326,0
1986,43328,0
1987,43438,10
1988,43454,0
1989,43463,0
1990,43477,0
1991,43584,0
1992,43596,0
1993,43609,0
1994,43656,0
1995,43672,0
1996,43689,27
1997,43690,0
1998,43730,0
1999,43769,0
2000,43812,0
2001,43814,7
2002,43829,0
2003,43912,0
2004,43967,0
2005,43976,0
2006,44022,0
2007,44053,1
2008,44072,0
2009,44116,0
2010,44122,0
2011,44126,0
2012,44151,0
2013,44160,0
2014,44170,0
2015,44173,0
2016,44287,6
2017,44313,0
2018,44314,0
2019,44331,0
2020,44355,0
2021,44393,4
2022,44419,1
2023,44634,0
2024,44648,0
2025,44718,0
2026,44727,0
2027,44756,0
2028,44776,0
2029,44888,0
2030,44970,0
2031,45074,1
2032,45189,2
2033,45208,0
2034,45344,0
2035,45346,0
2036,45347,1
2037,45349,0
2038,45456,0
2039,45485,2
2040,45529,1
2041,45552,0
2042,45559,0
2043,45573,0
2044,45614,0
2045,45623,0
2046,45625,0
2047,45686,0
2048,45691,1
2049,45704,0
2050,45750,0
2051,45814,0
2052,45815,0
2053,45951,1
2054,46012,0
2055,46061,38
2056,46095,0
2057,46252,0
2058,46273,4
2059,46302,0
2060,46368,14
2061,46493,0
2062,46549,0
2063,46555,0
2064,46583,1
2065,46591,0
2066,46602,0
2067,46632,1
2068,46653,2
2069,46667,0
2070,46670,0
2071,46673,0
2072,46681,0
2073,46682,0
2074,46750,0
2075,46776,0
2076,46779,0
2077,46781,0
2078,46831,1
2079,46834,0
2080,46835,16
2081,46845,0
2082,46860,0
2083,47071,0
2084,47112,0
2085,47192,15
2086,47357,0
2087,47411,0
2088,47413,0
2089,47499,0
2090,47548,1
2091,47552,0
2092,47592,5
2093,47606,0
2094,47655,0
2095,47674,13
2096,47700,0
2097,47710,0
2098,47742,1
2099,47754,1
2100,47761,0
2101,47783,0
2102,47803,0
2103,47813,0
2104,47818,0
2105,47819,0
2106,47846,14
2107,47927,0
2108,47955,4
2109,48074,0
2110,48112,0
2111,48115,2
2112,48132,0
2113,48159,0
2114,48178,0
2115,48257,1
2116,48279,0
2117,48376,0
2118,48420,0
2119,48494,4
2120,48506,0
2121,48509,0
2122,48511,0
2123,48515,0
2124,48518,0
2125,48640,0
2126,48829,0
2127,48905,0
2128,48924,8
2129,49116,0
2130,49186,0
2131,49260,0
2132,49397,0
2133,49462,0
2134,49515,0
2135,49605,10
2136,49696,10
2137,49701,0
2138,49713,0
2139,49720,0
2140,49757,0
2141,49824,0
2142,49983,0
2143,50102,0
2144,50340,1
2145,50370,0
2146,50486,0
2147,50487,0
2148,50629,0
2149,50646,2
2150,50650,0
2151,51127,0
2152,51128,0
2153,51197,0
2154,51303,4
2155,51315,0
2156,51564,0
2157,51592,0
2158,51649,0
2159,51701,0
2160,52082,0
2161,52103,0
2162,52257,0
2163,52359,0
2164,52365,0
2165,52366,0
2166,52368,0
2167,52429,0
2168,52621,4
2169,52636,0
2170,52675,0
2171,52698,0
2172,52781,11
2173,52782,24
2174,52867,0
2175,52993,0
2176,53156,0
2177,53239,0
2178,53265,0
2179,53267,0
2180,53637,0
2181,53727,0
2182,53729,0
2183,53732,0
2184,53762,0
2185,54234,0
2186,54488,10
2187,54641,0
2188,54701,0
2189,54957,0
2190,55119,0
2191,55321,0
2192,55347,0
2193,55372,0
2194,55556,10
2195,55765,0
2196,55862,0
2197,55863,0
2198,55983,0
2199,55992,0
2200,56236,0
2201,56454,4
2202,56471,0
2203,56579,0
2204,56594,0
2205,56602,18
2206,56760,0
2207,56939,0
2208,56942,11
2209,57134,0
2210,57166,0
2211,57172,0
2212,57201,11
2213,57847,0
2214,58083,0
2215,58096,0
2216,58098,0
2217,58169,33
2218,58377,0
2219,58468,0
2220,58586,0
2221,58603,0
2222,58666,19
2223,58699,0
2224,58711,0
2225,58863,0
2226,58864,0
2227,59032,0
2228,59034,0
2229,59035,0
2230,59036,0
2231,59037,0
2232,59038,0
2233,59039,0
2234,59199,0
2235,59201,0
2236,59227,0
2237,59228,0
2238,59229,0
2239,59230,0
2240,59231,0
2241,59232,0
2242,59233,0
2243,59234,0
2244,59235,0
2245,59247,0
2246,59491,24
2247,59528,0
2248,59533,22
2249,59535,0
2250,59536,0
2251,59537,0
2252,59550,0
2253,59552,28
2254,59750,11
2255,59767,0
2256,59768,0
2257,59773,0
2258,59774,0
2259,59776,0
2260,59802,0
2261,59833,15
2262,59841,0
2263,59842,0
2264,59843,0
2265,59844,0
2266,59848,0
2267,59865,0
2268,59868,0
2269,59869,0
2270,59870,0
2271,59890,0
2272,59904,0
2273,59977,1
2274,60047,3
2275,60072,0
2276,60084,0
2277,60092,0
2278,60093,0
2279,60094,0
2280,60095,0
2281,60096,0
2282,60097,0
2283,60098,0
2284,60099,0
2285,60100,0
2286,60108,15
2287,60109,0
2288,60113,0
2289,60114,0
2290,60115,0
2291,60116,0
2292,60117,0
2293,60118,0
2294,60119,0
2295,60120,0
2296,60121,0
2297,60122,0
2298,60123,0
2299,60141,0
2300,60158,0
2301,60162,0
2302,60170,0
2303,60174,0
2304,60175,0
2305,60178,0
2306,60179,0
2307,60243,4
2308,60289,0
2309,60349,27
2310,60386,0
2311,60389,0
2312,60417,0
2313,60418,0
2314,60420,0
2315,60421,0
2316,60478,0
2317,60501,10
2318,60553,0
2319,60554,0
2320,60567,0
2321,60568,0
2322,60591,0
2323,60593,0
2324,60594,0
2325,60625,10
2326,60866,0
2327,60890,0
2328,60952,0
2329,61121,0
2330,61177,5
2331,61178,0
2332,61184,0
2333,61197,0
2334,61198,0
2335,61199,6
2336,61233,0
2337,61322,0
2338,61327,0
2339,61373,0
2340,61880,0
2341,61899,1
2342,62034,1
2343,62181,0
2344,62291,0
2345,62309,0
2346,62310,0
2347,62316,0
2348,62328,0
2349,62534,0
2350,62535,0
2351,62536,0
2352,62566,0
2353,62567,0
2354,62568,0
2355,62569,0
2356,62570,0
2357,62571,7
2358,62572,0
2359,62573,0
2360,62617,0
2361,62618,0
2362,62619,0
2363,62620,0
2364,62621,0
2365,62622,0
2366,62623,0
2367,62624,0
2368,62625,0
2369,62626,0
2370,62627,0
2371,62628,0
2372,62630,0
2373,62632,0
2374,62639,0
2375,62646,0
2376,62659,0
2377,62660,0
2378,62661,0
2379,62662,0
2380,62663,0
2381,62664,0
2382,62665,0
2383,62667,0
2384,62692,0
2385,62693,0
2386,62695,0
2387,62697,0
2388,62771,0
2389,62800,0
2390,62808,0
2391,62809,0
2392,62810,0
2393,62811,0
2394,62812,0
2395,62813,0
2396,62814,0
2397,62822,0
2398,62824,0
2399,62825,0
2400,62836,0
2401,62838,0
2402,62841,0
2403,62870,0
2404,62871,0
2405,62880,0
2406,62881,0
2407,62904,19
2408,62906,22
2409,62907,0
2410,62908,0
2411,62909,0
2412,62910,27
2413,62911,0
2414,62912,0
2415,62913,0
2416,62914,0
2417,62915,0
2418,62916,0
2419,62917,0
2420,62933,22
2421,62935,17
2422,62984,0
2423,62985,0
2424,63050,0
2425,63056,0
2426,63075,0
2427,63082,0
2428,63094,15
2429,63122,18
2430,63197,21
2431,63199,0
2432,63221,0
2433,63237,28
2434,63289,24
2435,63292,22
2436,63308,30
2437,63309,25
2438,63710,0
2439,63726,0
2440,63756,0
2441,63993,0
2442,63995,0
2443,64076,22
2444,64087,29
2445,64139,0
2446,64206,20
2447,64215,15
2448,64345,1
2449,64566,0
2450,64575,0
2451,64606,17
2452,64681,51
2453,64683,0
2454,64697,0
2455,64708,25
2456,64734,0
2457,64735,18
2458,64736,0
2459,64744,0
2460,64745,22
2461,64748,26
2462,64749,0
2463,64770,25
2464,64798,0
2465,64799,0
2466,64804,21
2467,64805,0
2468,64806,20
2469,64807,0
2470,64835,0
2471,64838,0
2472,64854,45
2473,64855,0
2474,64866,28
2475,64870,19
2476,64871,0
2477,64887,0
2478,64891,0
2479,64894,0
2480,64898,0
2481,64972,14
2482,65054,0
2483,65055,0
2484,65106,28
2485,65108,0
2486,65148,0
2487,65190,0
2488,65263,0
2489,65279,0
2490,65291,0
2491,65299,21
2492,65329,22
2493,65477,27
2494,65504,22
2495,65524,20
2496,65595,0
2497,65599,18
2498,65673,8
2499,65675,0
2500,65739,23
2501,65852,13
2502,65877,0
2503,65947,25
2504,65948,0
2505,65949,0
2506,65976,0
2507,65977,0
2508,65998,0
2509,65999,0
2510,66000,0
2511,66001,0
2512,66004,0
2513,66006,0
2514,66007,0
2515,66024,0
2516,66025,0
2517,66273,20
2518,66278,0
2519,66462,40
2520,66623,0
2521,66690,0
2522,66949,20
2523,66997,24
2524,67055,0
2525,67066,0
2526,67097,30
2527,67104,23
2528,67198,25
2529,67199,0
2530,67215,0
2531,67283,24
2532,67346,25
2533,67347,17
2534,67376,0
2535,67377,0
2536,67378,0
2537,67379,0
2538,67380,0
2539,67382,0
2540,67383,0
2541,67402,0
2542,67403,0
2543,67404,0
2544,67405,0
2545,67423,0
2546,67424,0
2547,67425,0
2548,67446,25
2549,67447,0
2550,67448,0
2551,67451,0
2552,67464,0
2553,67486,19
2554,67491,0
2555,67492,0
2556,67493,0
2557,67494,0
2558,67495,0
2559,67595,21
2560,67600,17
2561,67629,14
2562,67681,0
2563,67723,21
2564,67724,0
2565,67978,22
2566,68057,30
2567,68076,0
2568,68138,20
2569,68163,19
2570,68201,0
2571,68287,27
2572,68288,20
2573,68428,0
2574,68429,0
2575,68450,23
2576,68552,0
2577,68553,0
2578,68560,0
2579,68561,0
2580,68675,0
2581,68864,0
2582,68895,12
2583,68904,26
2584,68918,15
2585,68919,0
2586,68946,3
2587,69006,12
2588,69022,0
2589,69061,20
2590,69119,0
2591,69340,22
2592,69353,0
2593,69410,0
2594,69654,0
2595,69766,22
2596,69790,15
2597,69792,19
2598,69847,0
2599,69870,0
2600,69954,0
2601,69962,33
2602,69969,30
2603,70042,27
2604,70095,31
2605,70111,24
2606,70112,15
2607,70291,40
2608,70313,44
2609,70328,26
2610,70359,13
2611,70394,30
2612,70396,13
2613,70630,30
2614,70635,37
2615,70816,15
2616,70836,15
2617,70934,15
2618,71103,0
2619,71107,29
2620,71190,0
2621,71268,0
2622,71394,26
2623,71450,0
2624,71544,0
2625,72010,0
2626,72025,0
2627,72115,27
2628,72228,30
2629,72293,33
2630,72320,0
2631,72343,16
2632,72452,20
2633,72551,0
2634,72558,15
2635,72632,18
2636,72638,0
2637,72699,19
2638,72838,28
2639,72894,0
2640,72943,25
2641,73031,0
2642,73033,15
2643,73047,15
2644,73053,24
2645,73055,0
2646,73069,14
2647,73287,35
2648,73288,0
2649,73290,0
2650,73303,0
2651,73411,2
2652,73471,0
2653,73477,54
2654,73505,0
2655,73506,0
2656,73518,0
2657,73592,0
2658,73627,27
2659,73862,0
2660,73887,15
2661,73892,16
2662,73902,0
2663,73931,9
2664,73999,0
2665,74072,12
2666,74093,44
2667,74221,0
2668,74239,0
2669,74277,0
2670,74282,0
2671,74313,0
2672,74372,0
2673,74429,0
2674,74547,0
2675,74611,0
2676,74613,0
2677,74618,0
2678,74649,0
2679,74711,21
2680,74736,0
2681,74840,0
2682,74953,0
2683,74964,28
2684,74995,14
2685,75070,0
2686,75101,24
2687,75124,21
2688,75127,0
2689,75188,0
2690,75192,10
2691,75204,0
2692,75256,0
2693,75439,24
2694,75472,40
2695,75520,0
2696,75594,18
2697,75614,0
2698,75786,0
2699,75809,18
2700,75896,0
2701,75944,0
2702,75965,26
2703,76304,0
2704,76561,0
2705,76602,0
2706,76603,0
2707,76614,0
2708,76627,0
2709,76707,0
2710,76724,0
2711,76725,0
2712,76781,0
2713,76997,0
2714,76998,0
2715,77229,29
2716,77366,0
2717,77369,0
2718,77380,0
2719,77549,0
2720,77701,15
2721,77961,0
2722,77977,0
2723,77995,0
2724,78029,0
2725,78099,0
2726,78142,45
2727,78184,36
2728,78409,24
2729,78502,34
2730,78682,0
2731,78718,2
2732,78933,23
2733,79404,0
2734,79543,0
2735,79548,0
2736,79584,0
2737,79759,0
2738,79781,0
2739,79825,0
2740,79834,0
2741,79915,0
2742,79945,0
2743,79956,0
2744,80062,0
2745,80082,0
2746,80105,0
2747,80350,0
2748,80778,0
2749,80781,0
2750,80782,0
2751,80786,0
2752,80789,0
2753,80790,0
2754,80791,0
2755,80792,0
2756,80793,0
2757,80795,0
2758,80796,0
2759,80805,0
2760,80811,0
2761,80812,0
2762,80813,0
2763,80814,0
2764,80816,0
2765,80817,0
2766,80938,1
2767,80945,0
2768,81095,0
2769,81099,0
2770,81281,2
2771,81296,14
2772,81300,18
2773,81307,0
2774,81309,0
2775,81311,0
2776,81315,0
2777,81324,0
2778,81325,0
2779,81361,0
2780,81367,0
2781,81404,0
2782,81410,0
2783,81421,0
2784,81432,0
2785,81451,0
2786,81572,43
2787,81577,0
2788,81580,0
2789,81586,0
2790,81685,13
2791,81733,0
2792,81755,0
2793,81782,0
2794,81850,0
2795,81881,0
2796,81888,0
2797,81905,0
2798,82136,0
2799,82295,0
2800,82312,0
2801,82464,0
2802,82474,0
2803,82475,0
2804,82477,0
2805,82555,0
2806,83182,0
2807,83456,0
2808,84037,0
2809,84052,0
2810,84943,0
2811,84976,0
2812,84990,0
2813,85003,0
2814,85041,0
2815,85044,0
2816,85107,0
2817,85149,0
2818,85157,0
2819,85186,0
2820,85197,0
2821,85214,0
2822,85237,0
2823,85240,0
2824,85308,0
2825,85345,0
2826,85462,0
2827,85482,0
2828,85485,0
2829,85790,0
2830,85791,0
2831,85793,0
2832,85794,0
2833,85795,24
2834,85874,0
2835,85962,0
2836,85963,0
2837,85964,0
2838,85965,0
2839,86024,0
2840,86074,0
2841,86083,0
2842,86108,0
2843,86150,0
2844,86155,0
2845,86156,0
2846,86157,0
2847,86173,0
2848,87377,0
2849,87505,0
2850,87709,0
2851,87710,0
2852,87962,0
2853,88200,0
2854,88264,0
2855,88494,0
2856,88516,0
2857,88517,0
2858,88524,0
2859,88525,0
2860,88642,0
2861,89380,0
2862,89783,0
2863,89843,0
2864,90087,0
2865,90244,0
2866,90274,0
2867,90586,0
2868,90672,0
2869,90693,0
2870,90946,0
2871,90956,0
2872,90960,0
2873,90961,0
2874,90962,0
2875,90963,0
2876,91123,0
2877,91124,0
2878,91130,12
2879,91164,0
2880,91418,0
2881,91447,0
2882,91481,0
2883,91487,0
2884,91489,0
2885,91502,0
2886,91581,0
2887,91582,0
2888,91632,0
2889,92008,0
2890,92014,0
2891,92019,0
2892,92170,0
2893,92182,0
2894,92183,0
2895,92185,0
2896,92186,0
2897,92188,0
2898,92244,0
2899,92365,0
2900,92372,0
2901,92435,0
2902,93016,0
2903,93139,0
2904,93253,0
2905,93362,0
2906,93363,0
2907,93438,0
2908,93595,0
2909,94081,0
2910,94409,14
2911,94562,0
2912,94609,0
2913,95260,0
2914,95270,0
2915,95350,0
2916,95367,0
2917,95450,0
2918,95496,0
2919,95777,0
2920,96089,50
2921,96110,0
2922,96416,0
2923,96504,0
2924,96600,0
2925,96640,0
2926,96678,0
2927,96682,4
2928,96709,0
2929,96738,0
2930,96749,0
2931,96755,0
2932,96936,0
2933,97447,0
2934,97531,0
2935,99342,0
2936,99344,0
2937,100026,0
2938,100027,0
2939,100029,0
2940,100033,0
2941,100215,0
2942,100218,0
2943,100244,0
2944,100245,0
2945,100678,0
2946,100679,0
2947,100681,0
2948,100753,0
2949,100755,0
2950,100756,0
2951,100860,0
2952,101095,0
2953,101193,0
2954,101486,0
2955,101812,0
2956,102763,0
2957,102838,0
2958,102949,0
2959,103322,0
2960,103437,0
2961,103439,0
2962,103460,0
2963,103464,0
2964,104025,0
2965,104120,0
2966,104301,8
2967,104881,0
2968,105068,0
2969,105071,0
2970,105201,0
2971,105219,0
2972,105221,0
2973,105366,0
2974,105368,0
2975,105378,0
2976,105382,0
2977,105394,0
2978,105520,0
2979,105529,0
2980,105740,0
2981,105913,0
2982,105931,0
2983,106130,0
2984,106405,0
2985,106408,0
2986,106409,0
2987,106449,0
2988,106642,0
2989,106721,0
2990,106794,5
2991,107093,0
2992,107146,4
2993,107237,0
2994,109134,0
2995,109580,0
2996,109658,0
2997,109962,0
2998,110144,0
2999,110153,0
3000,110348,0
3001,111065,0
3002,111066,0
3003,111972,0
3004,112055,0
3005,112057,0
3006,112068,7
3007,112083,0
3008,112133,0
3009,112182,0
3010,112183,0
3011,112193,0
3012,112204,0
3013,112279,0
3014,112486,0
3015,112488,0
3016,112527,0
3017,112564,0
3018,112570,0
3019,112622,0
3020,112638,0
3021,112653,0
3022,112669,0
3023,112672,0
3024,112676,0
3025,112688,0
3026,112785,0
3027,112786,0
3028,112868,0
3029,112916,0
3030,112968,0
3031,113011,0
3032,113012,0
3033,113020,0
3034,113025,0
3035,113027,0
3036,113029,0
3037,113033,0
3038,113050,0
3039,113051,0
3040,113054,0
3041,113127,0
3042,113669,0
3043,114338,0
3044,114867,0
3045,115730,0
3046,120121,0
3047,120158,0
3048,120162,0
3049,120333,0
3050,120380,0
3051,120381,0
3052,120842,0
3053,120845,0
3054,120877,0
3055,120898,0
3056,121129,0
3057,121168,0
3058,122071,0
3059,123134,0
3060,123200,0
3061,123315,0
3062,123317,0
3063,123366,0
3064,123638,0
3065,124045,0
3066,124070,0
3067,124252,0
3068,124330,0
3069,124483,0
3070,124487,0
3071,125099,0
3072,125172,0
3073,125191,0
3074,125194,0
3075,125246,0
3076,125416,0
3077,125472,0
3078,125527,0
3079,125528,0
3080,125594,0
3081,125595,0
3082,125903,0
3083,126164,0
3084,126183,0
3085,126357,0
3086,126484,9
3087,126953,0
3088,129294,0
3089,129295,0
3090,129428,0
3091,130172,0
3092,130173,0
3093,133294,0
3094,133297,0
3095,133525,0
3096,133873,0
3097,134097,0
3098,134161,0
3099,134532,0
3100,134854,0
3101,135022,0
3102,135153,0
3103,135156,0
3104,135241,0
3105,135242,4
3106,135245,0
3107,135732,8
3108,135796,6
3109,136776,0
3110,137552,0
3111,137784,0
3112,138061,0
3113,138064,0
3114,138068,0
3115,138098,0
3116,138105,0
3117,138259,11
3118,138556,0
3119,138602,0
3120,138639,0
3121,138640,0
3122,139660,0
3123,139810,6
3124,139823,0
3125,139956,0
3126,140050,0
3127,140162,0
3128,140191,0
3129,141081,0
3130,141105,0
3131,141390,0
3132,141391,15
3133,141521,0
3134,141628,0
3135,141679,0
3136,141706,0
3137,141865,0
3138,141866,0
3139,141878,0
3140,141927,0
3141,141996,0
3142,142000,0
3143,142083,0
3144,142329,0
3145,142354,2
3146,142355,0
3147,142359,0
3148,142391,0
3149,142396,0
3150,142412,0
3151,142413,0
3152,142574,0
3153,142575,0
3154,142633,0
3155,142634,0
3156,142717,0
3157,142735,0
3158,142742,0
3159,142744,0
3160,142777,0
3161,142779,0
3162,142812,0
3163,142813,0
3164,142866,0
3165,142921,10
3166,142932,8
3167,143071,0
3168,143075,0
3169,143134,0
3170,143136,0
3171,143144,0
3172,143163,0
3173,143169,0
3174,143248,0
3175,143321,0
3176,143334,0
3177,143372,0
3178,143386,0
3179,143402,0
3180,143444,0
3181,143500,0
3182,143528,0
3183,143545,0
3184,143549,0
3185,143624,11
3186,143625,3
3187,143642,0
3188,143657,0
3189,143658,0
3190,143696,0
3191,143697,0
3192,143698,0
3193,143699,0
3194,143736,0
3195,143739,0
3196,143745,7
3197,144138,0
3198,144144,0
3199,144186,0
3200,144248,0
3201,144252,0
3202,144260,0
3203,144443,0
3204,144445,0
3205,144485,0
3206,144520,0
3207,144685,0
3208,144705,0
3209,144942,0
3210,145007,0
3211,145156,0
3212,145168,0
3213,145169,0
3214,145171,0
3215,145211,0
3216,145212,0
3217,145237,0
3218,145648,0
3219,145670,0
3220,145676,0
3221,145711,0
3222,146328,0
3223,147376,0
3224,147546,0
3225,147547,0
3226,147702,0
3227,148281,0
3228,148604,0
3229,148605,0
3230,149941,0
3231,150955,0
3232,152053,0
3233,152404,0
3234,152410,0
3235,152484,0
3236,152570,0
3237,152672,0
3238,153273,0
3239,154627,0
3240,156067,0
3241,156268,0
3242,156501,0
3243,156658,0
3244,156709,0
3245,157646,0
3246,158231,0
3247,158241,0
3248,158294,0
3249,158863,0
3250,159025,0
3251,159026,0
3252,159503,0
3253,159509,0
3254,159649,0
3255,159711,0
3256,159800,0
3257,159802,0
3258,159932,0
3259,159934,0
3260,159935,0
3261,160053,0
3262,160589,0
3263,160605,0
3264,160945,0
3265,161482,0
3266,162858,0
3267,162859,0
3268,163464,0
3269,163516,0
3270,163886,0
3271,164250,0
3272,164823,0
3273,164860,0
3274,165323,0
3275,165593,0
3276,166900,0
3277,166936,0
3278,171222,0
3279,171371,0
3280,171372,0
3281,171373,0
3282,171527,0
3283,171529,0
3284,171598,0
3285,171700,0
3286,171947,0
3287,171948,0
3288,172186,0
3289,172187,0
3290,173606,0
3291,173696,0
3292,173925,0
3293,174073,0
3294,174179,0
3295,174182,0
3296,174244,0
3297,174267,0
3298,174298,0
3299,174518,0
3300,174521,0
3301,174604,0
3302,174644,0
3303,174648,0
3304,174742,0
3305,174789,0
3306,174867,0
3307,174879,0
3308,174889,0
3309,174925,0
3310,174932,0
3311,174933,0
3312,174934,0
3313,174975,0
3314,174976,0
3315,174995,0
3316,175003,0
3317,175008,0
3318,175009,0
3319,175028,0
3320,175029,0
3321,175073,0
3322,175074,0
3323,175129,0
3324,175138,0
3325,175139,0
3326,175175,0
3327,175182,0
3328,175228,0
3329,175311,0
3330,175399,0
3331,175407,0
3332,175410,0
3333,175536,0
3334,175578,0
3335,175582,0
3336,175629,0
3337,175712,0
3338,175713,0
3339,175802,0
3340,175837,0
3341,175839,0
3342,175874,0
3343,175901,0
3344,175908,0
3345,175910,0
3346,175941,0
3347,175945,0
3348,175946,0
3349,175947,0
3350,176052,0
3351,176083,0
3352,176097,0
3353,176098,0
3354,176139,0
3355,176147,0
3356,176161,0
3357,176188,0
3358,176194,0
3359,176195,0
3360,176327,0
3361,176331,0
3362,176335,0
3363,176434,0
3364,176448,0
3365,176486,0
3366,176555,0
3367,176605,0
3368,176619,0
3369,176620,0
3370,176652,0
3371,176654,0
3372,176656,0
3373,176703,0
3374,176727,0
3375,176742,0
3376,176791,0
3377,176845,0
3378,176894,0
3379,176897,0
3380,176940,0
3381,177052,0
3382,177092,0
3383,177133,0
3384,177220,0
3385,177252,0
3386,177293,0
3387,177316,0
3388,177374,0
3389,177433,0
3390,177480,0
3391,177523,0
3392,177607,0
3393,177664,0
3394,178627,0
3395,178784,0
3396,179933,0
3397,180028,0
3398,180239,0
3399,181041,0
3400,181042,0
3401,181043,0
3402,183293,0
3403,186284,0
3404,186372,6
3405,186386,18
3406,187381,1
3407,189703,0
3408,189709,0
3409,190220,0
3410,190388,0
3411,190483,6
3412,193089,0
3413,193281,0
3414,195831,0
3415,199006,0
3416,199007,0
3417,199030,0
3418,200570,0
3419,200891,0
3420,203112,0
3421,203673,0
3422,204493,0
3423,205413,0
3424,205494,0
3425,206382,0
3426,206436,0
3427,206613,0
3428,207245,0
3429,207590,0
